addresses,value
1EXV9GPEAFFLCvmbU9prR5PnyPEjvt15jJ,931446
bc1qa6fvexr7j40r6asya5gtllydyp68azfcgunm58,103710
bc1q6v5mp07glaazq39y865slychfa2f9yaslkgw7k,85453
17wNSD33wQFDwMnzUHRPCsXseWctUZVQEC,72160
1EZJjqwJ3abiRRSuR7EiymNPfps4xHYfWi,323324223
166YX5599Ad5JtLVvWi7QSRE8Q4FJ6yR6U,64000
bc1qu92gcew06ghlpug3zmsxhz63hmtqlx0qh93hg5,1853558
131c4T9oq3u2yZY546BCQzu7Ws5vteRMbQ,106817
bc1qm0tr7ewq0twf8vl0sgf2hswyzgn7ugchjkflyy,179331
bc1qreeuceyzc3m6qeu2j36zfcdwtps4l6kqfrmw86,1301599
bc1qtdfme9s2pcel2qgm9gaue6lkul5tvmztm78fkz,231115
bc1q2sv6jkhel2lks0vyudhmykw6kkgdp29g6qk4c5,27757260
bc1qm7xtvy7x67jlpzeeh4x2x6qaxh936wdqz24grr,354929
1NLdrsbhu7P4qhwv8kr2kqTGQ7yb7Vo26k,109078
bc1q9c00v7cn4adeg6jadpmctnrt8e9alhte9k2d7x,553512
bc1q4gh7p38kp7xsytza89lustm4cu6m2zp2ccpufn,313061891
bc1p2ws3jd3krrplhs2r8z7pfv8dyydy2mh0y0ejqj4eesqv4cx4c6xq6x5yjg,653153
bc1q87x3n7z6wtpeeaxrdaxzr4ep50w0gnc5t6hnrv,13979
3AtAG5YSLXMiAXNMfSw5zxr6cjQx6DzUYh,940220
bc1qk8asnlcsy6rshv7d4f3sqcqjyamkdptzz0g2yn,51263
bc1q45rmfta5wqaw3q0kuv9mjtrc0thysra5mm6xnn,6467457
1KL5kLvBkfRZUQy3eckTFLpLR1Fo85sj7E,247000
bc1qeu23g676gl5qjtym0mel5adcjxuq5segntvut0,832200
1CYv917daGW9Cupb9Yrtkc9fe2WiAB1aGV,96558
bc1q3gvknyf4kyrmpejtmmk8dmskalzda9yzdgfspz,6802471
38dP6KJVG5z2GDLPtx4FdDFmJ22A7uVCTy,183900
bc1qee7hk4a3k3km7j8hwclm0pkl76dhhgxay5nevu,314970431
bc1qaaaey0m5md5gqu25vngzfwpywkpn62mqgtv4km,20698408
1BVZDn3uAF8VsfaMJgLwaaamCFr6pXsimq,796519
341LoPTWKS9idPKxBNg3GNAQnHTrKDrvYt,403484
bc1q6erz543ar3emk4j3jm6evcgseutkyvwhch9q5q,330876
bc1qw2tse5lcf0y0p697fvswj60zu92jnzs2pjp9y7,39711
145ZbV31meKmrWw2gvd3ryyAxoKvwkmWuh,1558772
bc1q86clh7h54xex5f9axh7zkskgcgzvp6wkzfdax495t7zlx0c5xkps7v6u20,3106
bc1q2l4z4lx63evc2dkrtngalj2pz3uz2kdd84gaka,859283
33gPNYWXy1wnbknifSUaeppF3aUQnahwhX,253448
3BcQHYSjtQhLx4BXAhHKC7XoKqZpR71Gdr,143007
bc1qt63ynn3xku20myjg0cupvvxf8g9a3p7etnt4qq,25632
bc1qjtqpumles2z62luc3et3tgms79cwpd069vzy7q,3884994
bc1qc72dvdcsh548ltr7jldv6cqkec78m78nt9galyel0stwzvqyku4swah2nq,194855518
1F1zrt6jYhVzNZJHRCEYJCxqgXdqYtfZoJ,1056753
bc1qn97yu5ugwws2zv8y5nt0z78dy5efqfvv3sw6f4,532043
bc1qh67n45cs8y0tak9gsngcppa4wwpwgds7k5uwfm,3103112
13LHX62qyFRyfPNzBhRcvguJpBAojKw1rv,89920
bc1qk76ggy2lnkqwwdhc5222dtg4alfjun7jk5juhwu5szk33nelpj2q4r52g7,503298
bc1q7008s5euqz35k6p54kemwe769dma8k6dh4cqaf,368850
bc1qmpy0w0taktm6hp5pxf68yy4mzscsu0mu8552pv,530647
bc1qne7pterslsmjj6rls38qhy86xh3v22tsaesdm3,587216
3EKA67c5QWojXSU39tQZTpT7qhDTutZxs9,6452230
bc1qk7fgxu7lwzyxtzr67lstvr03pqcxn4ssqg9xh4,6467835
1LiQZqSwPqb615uyxDKTaN9Tg4CER98cgJ,4000
bc1qx27fn9dq2mtgu77p2gwwsa6565y4hmemzzklg4,168000
3L4xb82sVno2CBFRhg2xoekgVztERX83ED,1448
bc1qxjsagq4ejrp54kkatvf6wjwlvd09prqlefjqar,763798
bc1qmu787pr9rh8nq8eep4lpe8ja7w4ud8fsx4xyph,159790
bc1q7uddhq7kjrmm3mnk35xjs753p04dmz4wg5a4cg,118763
bc1q5648up6swx5zxt47lrhnswdf9cgtpz5lh3ecr2,143544
bc1qm349uy0fkv9axvwc2x69mrfxe4ed4nd9hcv5u6,149542
bc1qdertudafmrlkzmxgt7xeu7ecrm5k69ucklfgxm,24936
bc1qkk232c7leygjumgc46dvewdue6x00xts0rzxry,1408800
bc1qg429f7flkr884mkhfcyfdagkjs52p20fpfh3pt,112529
bc1qhm8j3c9urjz4p6lln090yvch0358nz2mjsazxx,194686
1Nb7DjJKUYrZnsBP9iWjowZzT57tULKW3A,61307
bc1qkaet24gl4pzs0cngcznj472wmtxdepysneutln,9002432
bc1ql26gcytqwe8qp7j0tga5wt7x23qspqght8fpe2,214768
bc1q32ynpx3956q6sw7j485x3gm3pfj2ygevx7zw33,21957288
bc1qgxh9fxxppa5fe8fatpk9zp23au2rwyuw9vrvre,582039
bc1p5cwwx7kcwt4yufj3svwh84s54n6s8w3k36s3zjvvs4skcah2aycqgapsrn,10000
bc1qu9xseqjl33tzlxhsskr6ajn2fjl8x80e4qwf2a,135800
bc1q25dxf2pu5qangeejpr2nm00vq56adcrzqhyfe5,9707320
14BrUp1b9ffRW8ACvwfTkCBV4rcTFbiGdd,273256
bc1qhk8g3qsy4ttn3ssu427yqcp3ul7kpv5lgxgxk6,6187
1GbTA7VEW1mv3he1SDJwNWBYBk9cjx8G9j,1730970
1E6xi3zL7c5hAr7cyKWoQQX5FM9FA9qTdm,3706180
1KaecX4mgrE1UB8srQPTK1FNzAVDXYgA33,16725205424
bc1qxuy9kq0h0m03fmyt9jpjmavu4jgsyhdjjgp4mm,177217516
13yheWLhK3fiwPSzmzvSpaXL6GQB463z5m,437000
1MHY9dipiDXUd4WiwEbxo6yEFZYg7Y5oEN,675432
3CvA3CEbvj5uw75EifuUAgseXsyfBCq8E8,114595823
bc1q57celc69z4fnar90hgjnkh0gpvw4esl5lg8pca,154244
bc1qp84pudjup7guzr5cvdrlt5fqeul9j75ds409w9,5004970
37Q3eyYpUgN1bgiJWHuRrdRNUecbkKas4M,292780132
bc1q7knjsap4mghvh7jnm0x4cwqq6djsq6hjsw23xw,72229
1PSXPZYwtb7aBzzsW3tAtM1zawTWhCvcsL,427300
bc1qvh2zwl87f8wjz6dmhuqgjz5kqydykleqxhadcjnn5ugms93wquxsvc0huu,5619
bc1qvlx9hewd72v00jst4px8axgjsqeyhwu474wr9l,773041
13eBi41eJ4yEt9aV1qt7XhaqSNt8fAP3iw,1059536
bc1q0jtwsmzxglwlaguzfsfa0zwxvqzdp2hdlw82r7,712834
12G6A5XvYAubGM6bEEA29fmQqTj24WGfi8,1155000
bc1q4c6nce0fpfpjferh7fp95zze34qu2tmeuhn0qa,73616
3KsthinLeSRrxUszuhoEcXzpYs7NAaK1qB,110218437
bc1qx8zl2mxyrxuaxxyr60k7jrxjecsrpzsggdgnxn,209009
bc1ql95k7klezznhde8ulpu2vx7j0lzdhqpzrucavt,8657630
bc1q745tfj2009ldghh5s8tpsse73m978hjzn9ucqg,102040
bc1qhajfq8qdkqma6mz30fkcjg0yc83cgff7gwf58l,560547
bc1qqdg07chy9dllt32fh0cmd49pxsadqqmej2hcur,66359
38qcRvGhUmnZRisJYrap9m1ByddJUJtYFb,460884
bc1q8mum6kj8xayxk48t8mkf30v425k99mpkvp9ju4,3298584
bc1qfgy8xau2py99xpuhevnxq6zalnvp5gchvzwmcp,200035
bc1qm34lsc65zpw79lxes69zkqmk6ee3ewf0j77s3h,970986
3Qw7P1mYxygnsHBMceDD4F1fFEofpfPCXe,6754012
3DPt7p2921t6kykywhjL7sBY4dky4RN9K3,287439
13YX9SWkEGDGQX4QcQttkX7u4zbJC7WJ8g,370805
151zV7AZYRXbti1N1g78arZ6YCgngp5wbq,1273300
31ktMo1A2YGC9SmLGypBXLCEyZo7ykMU8G,2701777
14bHkuF9oXgLKGiasQ38KMay8g4CDA8PxE,321497
bc1qtfccxckhs3eq9p99t4npl4ygxuq6lt0p94mj5s,12980000
3LsE3wfjWZZM5UF3aNrYLG3srKRJ6bNyPF,500000
1C4HqqFA2ccGmzsfuwyGigDHrAv6gQgWgH,129348
3MMzmn45DKQZZ6hyLoU3ZeiTEtVtLvoiS3,197948
bc1ql8usxn6hj2scew2q7xtwk5dj5s352uyj6actyr,447593
1AdYuRYFpYVSxA9cagMG8Fi9EiHecM3zGh,1546480
3DyU1k6wPVQxyfzdmHMiodMmYT3gEgCNZC,963281
19maMEjW25mJHujhmT8eFdjvDfobEy4oYd,980000
1J4YaEaGdZ8UauacDczUsMWNSs17FxWv86,158435949
bc1qhpdf3d7lyj73k2ptgsqzmp65hy0f0d4n5ayk7y,1819081
bc1qr9kqshgzq78za6faw0xf347z9j5ph3drkqv5h9,3807057193
3JjHUkFjzf7PW4wJojWjqYxjgQEE9cxsSn,9080000
bc1qqhnpxhw8nr0ua2epxv7ly8ur7yt0xzvsug0yuz,887119
3HwFC4EnHmkKghvUqJxYcLGyeXXAkhJafw,628915
3Ppe8nJ1EiwgqYeWMkNBXSj9TXUCPWj2Mn,5923978
bc1qedrvtgu4q599kmu3ys9nh0ek3rr69wlfesueyk,250000
34W6Bz7kLSwSf6gsptfnNi9aZoaqxrqNaU,5980000
bc1qyh86pnz0hhd6yfxsdl59n8jjemm7zutex2hsch,83000
bc1qk6tuuu9978wnx38pkgg5rajxj7gcyhv69n3gfj,100000
3BdNz5t79tU5Fm2oyiHBiCAtTurNV1FAMj,120000
bc1qc9qztxel9d0taygu57vl02umfvgxtk8ufqjx7m,63686600
1997zseqAejPLo9W6AXsnANczEBfJEuUNJ,8480000
bc1qzptzh2y273gnn5k73wtac06kkk8uq7mfzljz9y,398698
16mUVWrt9oAYqZdjPSUKN9NT3wH84WWaVP,475215
bc1qdl8ezjdyjzl4tnfvv3ch4wh4556l3yz3euasyp,5980000
bc1qwzk227d46zcps86nedmr00hqpadrstdflve76j,1081259
3A9eNSgevNMQx1Ca4mqnVU8XXQGHYK49Z8,671555
bc1qul9y79mw8tp07v0xdpq23kt8kvl3e8zhz66d7c,18690191
3NkJvZpRKgvY4J2kj1V4X2TJeWRKLGB65f,120733296
bc1qqgtgm0muuga2x9dwk55jgs3qyza2ph747u8tmr,4378117
1B6kDnGAmVoCKTLXCYdJr5HjpJxDKUobC2,2164576
bc1qmrq3xxmfhlw7exdkzz9xeflu9l9x8krpsc0mkc,190000
bc1qhjqnf77kgzqyxng920mnctulnxksd90z0zq2w9,1000398
38Xg5m7EjiVHZ9RrBE11KLkBcq9eoXLdoz,831400
bc1qagcxuzz2pslnwqng08yx7runkn4de74pjh925d,105000
353Uj2FroXAJzZNzNSD7etJjMMEzTa5VJd,3632050
bc1qjn35d3eh4ktgg0953cx0dqx9n9hnukt8n8rrs5,51787629
bc1q6q07tkg7cvsf7kr8m7sdlztpj9qwt4fa587seq,13459
bc1q775nxvkws6ctaza07ukh2ra6zprpuep8346sus,1424234
bc1qzsrrzga4jf7ra5kvf2c3zcnvl0elj7t2ez75ng,784049
bc1q2pz3ewhu2xwv276s0l66hlhwaxl7pdsvmthtc673tjmk8q9udwlst7zjmv,5845
bc1pw28m5dn66puf537uag009aj3ta5xz72nz9yjz2ccxhjxyw88x0psv7hu8n,10000
14SudzXD6mEjg1q5LRon9Sj83rvX5NdxWT,47200
1R3nEAM1ecyuNUjQCjPbmhru4cwAd7K2d,106756
bc1q898f78tjn4d6cw0jv0khavzmjrsfe8tqut3gyc,339439
37C1qQFhK6Cj2HZDvEzkzzByZzRRny2M3A,227075
bc1qz88xvkc0z7q58eng9vz697awpp8grdagxzf4hm,108241
3L1KmsgQBAHNxGaVx7UHyra8ddxF4QXgeW,28823
1HKC6GrKtWReXeb4QTpjz4iDNvChEnXyoa,427200
bc1qzezpze54mqsyedw5w7jswpyetfl85nkwhjasf5,81314
34CFMS9aQ5hzGsrnk6JgxaRt7y7y2yqgt5,1080062
1FLiMhNLev5JEufs3Q6XBAwnsiNwiGFWom,2200000
bc1q6ljtv5d89ty6ypv72ymta75pm94sx9hj8dn2yd,283803
bc1qtsztcmwh9dvu4zv9eh7d299vg9nuketk9vudnq,10146714
bc1qxv2jywpaj3egzy2rauqmz00qvmr6pqn4vwf2xz,599200
bc1qn6rctzwkd0kjt4ece2shf7n26jucg2utatwvra,8350097
38ohDjZpEGXnGBCGRF4QoNJHSgcgr5XCR5,272375
bc1qwsmyszsjne3krecl76p606hzk2fwc32as8r0nm,348508
36JDC6y4dQDs5as5FqUMWa4WrcmJrJpKTr,561200000
bc1qapfu6545cd6flv3hsxhkn0pkku8ac3kf4qtp3d,212475196
bc1qgv7633fw49z6ztm4egvvznsuw3cup74sxwn5ka,814200
38bAhbULQ5bmA7QYiKKqfM5cWZzseSovo8,847600
37UXSFKfWyXrz3imT4gS73A2jYft9YEtqv,85460
bc1q46a5kdmyhulchsphvz2rdeszdhqhza0yhxmdru,8185786
bc1q09e87juh4pw5f5rsh9hld83w4sy6d3x935p54u,867717
bc1qt62cvcu7cq7f95344dh7syyxghm67jnqrfcfcjjuz5h3jzrce5rsprjlg7,13156
32iL4Pb6PB1dhJSRue2N2i2NpzaiJ5Uqhh,273881
bc1qvu8a65scqmauww758t4huc456c935w9t369vfl,1066153
1HmwEZrZ9oePrKBQtAQ33sTQW6QJZHTqXT,8565360
bc1qs6lduyn2m83tqxr4nu9mlshagfapvj3nva0te2,1727963
3BuVVbkVgeNUDXuWcTqzgPXrMhi9Ttw1J4,1592051
35JeELVAHzAsFkMp5yWsJPHZP3iuHqgxoi,191484
3JpQPs5a4mMpDUJ3qSivbJHqFjooNZjcuK,1896301
38ssde5aYL88LAEtFWzVHQTawrRovCgRkb,69319
1GEYjRycbirMWveLp3ryjjxrZZBBbWoNfr,217498
bc1qxj324tkmpu03dnzspzg7xv0k40j4ltlqhx3yaa,102680
bc1q3ln2jhk7lk32svc4cz6jvmx5n09er0364azjet,2564400
bc1qvjrun3wdyuh4gln2z83mh5nkzkgnmfzfjd4xq0,2841112
3QNzqJDudL6Yb9jRGCz2oqhXFPoibMe785,42436
3K13TXZcH2HNBZv5Rsf3NQyzypW2hYqfcm,1056053
3CP7BQb1djGFKUnujfTGZ6yzRcmWH7SbdJ,807203
37YPJS6kGkBsVXk59tsyMqS9ovn4jGLTA8,109754
1EMq1xd1bz9GPpJd4esjh9h1fpXTqAmH4v,2446163
bc1qgzrgscu7kfxtynzdx84kxjqt9ntyv6czdujtrs,228748
bc1qjvyrlx27qjpp2pu5wz5l3y5exde383ta8zecyl,51800
1WvxL2wtpjEHQUFthPFLEmxNDt99B3dQm,2141274
3H2xV1awWfaZX7MZjxaf5K1FGKYEKgMbFf,128070
1MXfNtP72HWtfc53Y5QL8gYqR961iWYWac,1169706
bc1qwuhlpfc6hwf9432nqnv0trlumxes4rwt9atvf5,6576
3HpKCEtjQFKpv3SLGQX5vUGqKJVTGTwArq,213800
14bK3BBbtpk9GWUab3K72y7QHuEee1jUMR,106800
34j5fAHdkUVDFLMwVjFZ7pdxXGfJSwvjrc,64119
13J5Rf9buu4vnnuFw2NvyWinqMQDNDm2X2,409222
3M5yC34NXZmJidWAKqPMVF1pAPTQzXu2Q3,705075
18Dj4JJ8v6HLfUzsjX4hGC52Mqj3RKvBa1,108912
bc1q0n88yg4ya6rsqyzf87v7s97z8qh4ah9upng7nh,2570540
36Ppd6DU4kVBSUsHQ6couCqek84ZXSsxDt,3420000
bc1qdfqdp5q7s79wsrhnjnnkaqxaff0xscw2tnkg5y,14952
19aAdjQTYhxaPwhH18Tqcwmn8RF8XM3n3f,509213
bc1q039k65ya9q2dne2xdw9e64u0d7aw9dv9lhgwuk,190310
bc1qaq69fwut4ua4zg20yectxv36agh83p6vxrunel,427200
33wk2Mf8WKeg3j7XHkokiWRimswvUJ9rZB,1320900
3GVuKZwVaCisCKKGX6qSiLRpR4ZHQN4MuY,880650
13wBTQD7HXAPtxewBCLurVDGcrYfi7gyFR,530239
bc1qdffu5mklfe242s9mast0n0e7y7lv9gny2rnvzy,157439
bc1qx9d2ff0ehnmln2vjhsvz3u4v3vagfjdlaapze5,8564283
16JFfUEUkpWwefX64KHfp3ZFc69zQucLrz,227045
bc1qp6x2zmj4x2x0uehyj044knd043pensx77ccv7v,245565
3CU7eJFu9rW6kvnpLBRBDDY7aUNenGkr6f,218076
1JgdJh6gxKVQpZrQNkUfoqnapYUFsCHNvQ,828900
bc1qevjwnmmz6g3wkmu2y90xgetj5sf4hc6ftnwchd,42720
1BdYYen2Es24qsF18DSCjWu1izFPLnqYvg,204912
3AiB72NZJqRqoL3DAkewz3Nt6QLJ5fUFsn,4057370
bc1qa5exm84sd2mu2xn9tcl2acqm7umsup2p4v3y69,42720
3NSa5aSknNkZzw4M8iiXRcW1sjid8quXdt,38098702
33vLsnRhnP935LZ8wPorewzx9aaPcdef2P,800000
1BUD5kHeLkGZuWhLRJeNuWs1izPxuRRdjt,12400
bc1qr2z5fzxu4h7uvy2czpwptxxcwrlrhj0tfh59lzrkpacdxk5fq72q7pm4ur,5823
bc1quuqvrvngaf25llryrk6atfjxryefmhapjrk4qv,907540
3NXxvFdsXK8DPRuGKbhNsvtP5FoL1s6hzF,1716949
1Dom2SMfzPqn8fGokGK3fgcEobJBgdGzRE,5381352
bc1q076wapntmd8lxuwtrslq9m58pwaec054sxhj9f,213620
bc1q2x4urazty0fl4rjm9zufdmu963fu6zk0gwcal3,1332885
bc1qpzg65k5yk0ykf3jnftt7s9vqcevahen2xhdq69,2543324
3KGA169ZX6wXLm1qHg4LmbpWW2fZXB224L,853800
bc1qc74495v4x9pmrvht0h5rujtx53sr7rk57mwzu5,28798200
bc1qjtrg3t0n86mejply6ffcsjdj0uk4kf3zlhsepv,854400
bc1qc7dkptzrym5uu2d3p5980hxxx4lnjg0zqux996,550975
bc1q5a8u3u6mpr3rv5fg4jzz5eyp4843gw7e3e6ywj,196610
bc1qjnkln9eetydlsgwdjamecl5ax860dyqpa0wqu6,132233
bc1q5lqyz90wr8h5dy64memf8ztdc32m9mn98h67v4,45666323
3NgzmuH8rDqkN19B8aV4jPdJQF5wx7hGH2,170880
bc1q4hrq0fd7hapdgaxuyt3t99f00ptf7e0r3ejper,752917
bc1q6e9jlh4a5l88qwcudwf75ukjf37yqs4ak2nm9n,67177
33WYHrnHwu1wfxkGSNX3CSLpctMrjWRgDJ,98000
19JUK4xjhST3FHKvbArN6ZADf7VJPKvqxZ,800463
1JU49r13iLg9v7NPm3Ceta6fuKiRUssnQg,151298516
33cgfWDvZQBJ9dg1z9SoHbuGYGLBaMV4Yx,217590
bc1qylu9atz5vurlc0kcfvghy57l2ev3avaeexq27d,854600
bc1qf93t97pqn0z4476g7t79r2ksq4gaaj70stp643,1632332
3PRUyf2M7u4F2Ctj9S3qQX4LhdY9egFBT1,22011
bc1qd7sq9gr358jnv47zk3lmhjalmf5k9j6p20v69e,1126713
36tgaBFvAoJ3jBGFJHJMG8dVYqMbEfZaJE,4400000
34VzYhBc1SssRy4SKoTVCQ8D7FpHXR9rZp,543388
16qpFUXBMUvrPdCdU6hUweUsKVJkGHgYEi,130600
bc1qap7ypd90glwd3n7mfqukkrzsn76ktnzsvveqhc,131227
bc1qwxdgw8t7lzf706spch0jhvjakakyfhx0w28gdv,154000
bc1qed09a7uvstzytxhty7av2cumnadzqus9kys6f2,176872
1Et1vfXDd8fDD1KWQtMEPuq68R5Z2YdiMi,273402
1EV83M9fHLXuAYxHsHxdyS8mpJCeUZqU33,854200
bc1q4kfv3dtrwke36qnlaxndrece3nxg2yu60wnctc,255042
3AvM7KFYo2dpkDBMuAxo9N6uP4cbHbdovR,154414
bc1qr79q8nn0ldxww826j5c372gd6ymfmvcky4m025423s4rn6euv4hs6zavvs,42413
bc1q6l009p2ygtjv3f9y67sm7jd65q32k6qv29cxax,770148
bc1qqwwdtp3fkym80sdsq4l6kx0c7968dce9dzr7yj,966869
bc1q89nfsdm4zcp6msklpmgm2wje3cfcjg8rz89g7z,16729984021
3Ep3Uc1JPXohMv5BCGBXNGUATubdA7sCNG,427400
bc1ql85fn9upw8u8mjexyx3a9w3vq7ykq8efnsvefl,1538810
1CorEbce6aGvNfP15jJmkmhGiU8vYNsV5H,49703
bc1qnj9luqgx9sh5mlj2ndk0sec0vrkzy4ehtq4jxs,8687242
bc1qalqwqxqra7hxwvu7ty3jhstt5n7uw4c7yayxyc,200737
bc1qdafq5rha0rdstvxa6he5kapz722m46ax9hceqq,4176
bc1qfluyatsl5rqrlnap7vfcz2ylpf3ywtyqaz5mve,85725
33E53BqS13bdvyGh7ahoCL945uV3xPyFGh,68368
bc1qjg45sw9skzr9fvyqk5pcy9gn9py7e8s6j5jchp,59214
3EMDqHkT8jykBmQXnpfQs8KaRhwV1NTmDm,310920
bc1qp69khtj4xtl4408hnddjgga4qvyzfkj0cejdp0,1202737
bc1qzefhu3uu45l9gvuugtgpq9t5dywgdgk636955z,854400
bc1qa0wsnuu8pjg548yrly0xa0ga5z6vsa5kwaxsth,537674
bc1qr3jsffn787ceap4ajrw2ndduftek6twtjmlhmw,143535
bc1qms770neytt0hvucpmghf6jx0kygxwsu5zafz4j,12624667
bc1q26qk40eepkaf73ek5p3xq7qdxujkrndqzfyfas,1067564
17ARUhcneeER2esi1LAQSjp3ox1bchiDJn,201057
bc1qr43tlcd6gdfaenv0ffvu828dwsqarvv8q63c60,858873
bc1q8c726jzch53pfst8plq24hpdl07sje2t3vhyq5,7256
371gjNwRuQvgTLMkXJ5DgMqXNiUh3qQECc,290554
bc1qn4qlc4m0qn7gqyfdj8ny2yemyresut0m9hfhtr,2398332
bc1qk70k2eza4xjsxtwesqvaulq4p458a3572muemz,15488
bc1q07lgrl2n5j0f0dquvcqn0ns40uz9rngp4a8hay,14171
bc1q8fy76y828ys9atshqjulhsupnmt5yac2jlnsen,18617
bc1q8072knplse5gp72se7vvx4e3mg758z098ns65l,285882
bc1qd5nwght2hdgj4xv8xc4fvc526yjjuz75tj8ptq,29405
bc1qkjecag0nryuz5xrdaymvsg4vchc30w707ftkm7,9203245
bc1q0prlw6r8qalq8gyxgt7s39senavt4kwquddk9a,16732340328
1E28A9zoY5h1TP8nHJigzsBxjRXc8xAxwN,23496
bc1q7vnasdcf474utd30g3crm7dgf2jgx54gg36j99,6168
176k6dB1jNcp16swbNCxQ3s8ZyKkarATne,217330
bc1qs6jfruw82qtqhtrjpq26hg7hsz5wp2ejcqgxsd,8450479
bc1qns9f7yfx3ry9lj6yz7c9er0vwa0ye2eklpzqfw,276857922
36Apc2tsa8KGfSrzhG3PJXaggS96w6G518,2991500
3QxEbzUHMqdWUgLXjw9k1JsSKUvJfdyZ4x,641000
3CaqhPx2Tdyde1gJTptvTRtu31RJ5LS366,2777800
bc1qrqx4aykk36ne4w4mt0exkac6pz0tdjka5d2je5,1835507
3ANwqM91HvMZQTUoWRFMq63tLmuvRps5sg,2457300
bc1qgk23nh00mm4c2rx07spzmhtv6kddd73vzldwzn,2137000
3DCXH7s2n89xYiwdn72ecnRd6ufuqMEvXs,2777800
bc1qwtar76ngcytt04qwqddwpl2atxnkydwcs5cm6w,3846200
3AJuXY3rk5x3Br86swAqXsm6DxL3nRZiJR,2350400
3G8VCxCbkHGVmcFpNBBXwnbTuYoMhH6Vu7,122605
19CYGs7iizwJqk8z6UemofDZztYB9YVuW9,213548
bc1pvsuesrzg2dvlrcaqs4uv9jufrasfn6c8l9zf8l4p3rswqnzlud3qdqy8am,29618
3JgJUxHybzjAfsUCBnUhD1fKeFMKnnHVAy,426996
bc1qhg6sc6na7vw8e8uaqu3str00g3xgmvsy9s62f4,7055801
141xgYf5f7Fo8YkEzTKQKpE3hLKfxAc9m7,14963756
bc1q250w3ahympfxcfleucts453he2vv5ztvlxka6x,227705
1GtuDLP9QppXgFrQUhWU7Pn5QpfwXNc92x,1552940
3EAU41AZxHA4x987yqAxh7Ku4k7RCZ2uxs,17092
bc1qcz8xkcawn3kd5hkw2r6h47jv8r7vpgvh6eda4f,75684
3FCMp8bc2xL7JQcecfV89wqFDL3SSggonF,2137000
bc1q90lkg36qdxsz0zyjvlzwhmjay3pplcrp0vs6lq,4483440
1CHe8bwbguW687LKBBqYMWJK5kHDRbv5he,427200
bc1q5657zn2pznj2fl07lr5nkdzjus29l5elmgyjlx,2407048
3HbX4evmaF3wRzggATHQnsgKYTjD49VpvV,640860
bc1qp5ftu2c7ys2rxmwu0wx4ft9cpsdhaqg5xmj4hq,6014413
bc1q7sm4qk5ashejwqa2u9tv3pjhasmra6pmgcvscu,119264
bc1qzkatt85j2qjfpj4qjtykzf35t5cwkmuwvsmff4,8311098
3AUwNtajJwkKqWYj4nwbbjEQLqnd9Za997,38475
bc1q6le4ha0k0ahyds40xg8kfhxjejjj9jwjd5t6d8,296030
1GzqkQYtbb5FEic2ZV9PAyrr2aG2tydGQ8,21365
bc1qldlr46tegesfyra4u2u27kvs5va5jt7evxdc8n,359878
1BGaTfjSLmdJ3sei8PAntRVRhSJD8YP2Ei,753706
1BqpMkvAvCCbhrYsHN6nkBXmRpo7yXNaJx,2853675
3BhbHQv4kP5DMyQAe3jd5FcshRYYNxJCnt,440240
3NnRMfBd8ZAABZE7dCqv8Sa5YPZRQKBZEs,299000
bc1qzzaskpzrskcg3ku9a7gstvtatqhcf0y4nw2et8,359797778
3PJ3gg9N2KrYHDHWDLDHBheYB9Ye5FXaF9,175234
bc1q9c7zg7nkkns3pzqmup29t7clxltqkqv493gl2y,48498
3LZKvrFsUvnixGD6xGmssAv4N7g5d95577,427200
bc1qu3eltm4m2mjcnjt3vlxnvf6e2lu4h2tr343an3,3850314
bc1qplqyqc5wsccu8wgetsvrqlz6g4jf0rcgrsulsy,5129
3QRgFFN1ex1Sdksnwj1wTMoES59x5Hndbd,205152
bc1qdh45zep6clmt8vnptt97nrhpcp5vccrmruwshy,99941
bc1qjjy32y6dj3hfaruc9fpwupghe2dkcdd9svt9hr,181674
3L7rf5VsUkifQARBb1ZpF3k7pk1APNsNH5,345449
3MWeNgnJrhtbdmqJtxMKFZNZUHaHH4Gm2z,2075597
bc1qydjxuk89cg64yngrw3kgxukzgnwcw06gxxwzmu,27321349
bc1qdeeujrmjpmyvjfkghavxcj3jc80g4wa6ss7znw,530000
3H6NGsXkpspGo16shhgKTiWKfLZfa9USu6,4761818
bc1qgyu4ka3wcrquffz9hf0pr6ssf5d8gy7zqp2ag2,6000000
1GrwDkr33gT6LuumniYjKEGjTLhsL5kmqC,1923896084
bc1q3pn2vdcjj5uu2vla9q6zwc6q6cq3qsrhssml8k,998509
bc1q6uk647996enfegrkwqr0lutw64n2aux2umfg0m,81400
bc1qrjcxrxaaj2wm55pu24h40l2rzgpzy68slx9s4e,18606000
bc1p0qzw9urta7kw3xdgnp3c9nv8x35v6h7hraa86l48p3t487vzqz3sh7kfzy,129000
bc1qgehy5mr56wgvmzg88ane4ga8svk6fsgendlyg5,280782
15TXo2DTDEcCm2TP2nj8SsdRg2FggssYKc,602942
bc1qz0pgpufmrzcv5sjrrwactn85erpntyy285h9hh,1519713
bc1qj4dadyvce7fy6au5jy6uaz4jzl4renuaaaldts,4661418
32GYqqXMJuDD71BVRpHZSceSFHdGatpgHw,214980000
bc1qj8vn9gqe9ldrax527efxm49vt0fjl7d0kwk2ha,6130046
bc1q3v99y3ezlc3c7a0f4n9g3ncjzvzdz46llfdjmp,80000
3GSjs4pzxzsV9PsooAE3P9sYWJ2GcSH7RB,1070000
bc1qd7npv3l7w9fhj79yd4dr2sm2fpfuu0epwql3th,91273
33GPdPRfjLQrsM62Kt2dnXLAs5BScyvFuD,3272045
bc1q3tnuh3pqwzdztw446vvtcfyrkjsaz3gl39ut78,2173948
3FSTGwR1LuEP6p34n6NFMGnXvSVUHGJkoK,144759
3JWGkQ9wUGAPiPemq2xoKyarqdSive512H,1529945
bc1qxgaj25xx4jeyv7zhlpnpyxahcyvv2355cx5m30,6391900
3BK2ijm8dZsyGebt4a4qRtLzHRy6Uggue7,2135730
3GJL7bRN3uiTDNkd3djuuM1oefitr6BUni,209803
1EGkdTw9QocQ7P4r5QJoPbq8uR43iqDu5Y,61596708
bc1qka5x57c8n84jke3e2rwzj6fxza6rk3wjt9wy8u,36248000
3JsWubF6jJrp7fSFGvVKppxbRdVQPkHwja,339018
bc1q4v24mnkucmtgqncxg3k6373ukd9sekumxjydks,308000
36aDREKBd1fDs6QqyTsxwnsckihaSpj5MK,100000
3CGUZRqoYPeuegzQny3L2re3jCVviJFGdR,162113
bc1q63ure3ayr0x3579496qf2yj5pvjt7735vq6528,1920491
34fGwDur22WEmDpeyn99kcfsGoeTeCLxNp,12980000
1CkuJJyYrwz74JwQ7h367dS6vKHgNp3KFG,323377557
bc1qut8a3958h8r37qmmsh49h4slwh672szfgx9pcx,9195332
bc1qwrqag2u9g984gxmtn09ke4aqj9ln0cngph9sgp,9155254
bc1qlspt878l5xa0sk0p9mp9up92arcsh2w55ptyea,237000
bc1qeenuh6t5cxnvku97qdjy4qxahqrgz5j6xhpdat,5008000
188C8RaZ6HvLFGmZxLHFNz27isDCEkXkXT,4519023
bc1q3eeq0nl67jzn3utswssnkv93hjcfqeylql02na,4420022
bc1qcd9p0fegjk6zzwpcj8slek00zlqk94yzdw0h06,150000
1NJBtPZQnkgMGvL6tBv2f3UUx2ZKC5kqNi,22000000
bc1qn8yzka6d2npsadtj2dyugsfp2p86peh2wdgus9,7340004
3L3D1dcfL7hdq7Yo9AY1T7mdrtzURiH58p,88352
bc1qendycplztcw4gd9pl6wjxr837sd59ctds3k7ym,264695
bc1q8fnxhpg8zn2zdn9smxdqwlvuemmtd3f0fg6jdk,5433765
3NL5ZNFUKfkGeujF3VdJBYab6FczzaEMfi,832696
bc1q94vrdt2ku5047q7yq9x5h8tdmwdgdrrq0fmtmp,5123852
1MFVfaDKPtRkSCs5AuHbjN8w4yCcSe1Ex2,7385410
12r7XGGpqdtwp5kvy4M3fBe663Bdsj58Hx,189558
bc1qg95repcsv3649dfy9ygvs4lhdxywdt94fd7ff0,5124000
bc1qme8a8c7sthm42qsfxemremyhjen8hna0f25q4q,109060
34zo9XsCSZx16hrBhZEEWDnpoWpcrAgemF,163779
14fdPe9m6PVHhD3qpX8wrXnmHG7PtsKHsn,210000
3F9xQek3N1BVKQ3Rbc36nYbvZPYKgz5B3t,4732191
3PqymZzRVLGBWRipUJrjVx36BUbsPzyEsL,23950000
bc1qgrxsrmrhsapvh9addyx6sh8j4rw0sn9xtur9uq,40046305
367CUZG42mSgamq6siVWjaRK2R84fnifDo,234900
bc1qx6l3p57kh2m9ke8djfjtrcasvsrqnpf3045z4l,645439
bc1qga5v5dpa6ayquj83dme5hr8wtm0qqk4adcznek,225911
bc1qsh685055wqsgawmf7trdh86lqgxd4w62yj38el3n04p4j2wwajuqdk3yam,600614
1K5T99NqY7r7H3gSoxaRBELhndH8AkdDFR,1281616
bc1qqmmv5u6el2tlx4slfh33jtgpugpa9whxthk7ly,1913762
3Bisw5E3PspqQpzHskV4ERjcLAmYDZD76H,64110
bc1q2jt0d27qayna7fgd0g6aq0569ykdwle7vfqvkm,1332043
3JqzTCvFxye7nrVWGTBH2CNqZ7bbFppBww,854600
bc1qjc2fj853f3cdyvyegesvpnln2rgyxwjt8fyqv3,2506835
bc1qv8x685hdd4d2hntaxf5pwwz0667gaj7a7s7y7e,80668
13mFS2Fd1A34nzgzGwppWhFwu1vjk12P2f,159075
bc1qf480ah4elmjkhl42eghg7pfm8k9crpy6ut9jqn,61961
bc1q7ug4w4as2sefar89q057hnmxkakp58a25535ttlmurn6cncs8tms4e7gp2,13673468
bc1q8p9fyh3440nht9u462qt3qcfkumhzzfghcyyac,155908
bc1qqnz5ufmsue3kpcj6y6686n6ykgkf3hy4l72kjr,3086251
34YGCgKkTn4N6orMfujstPkx1MXXcFxGjG,256380
bc1q6re0vhfk3fx2nemc28khs9e8gwcvf9gspml30l,224100
37rSeZuEqAvniPykXaGnxM5CDTE6Tzd2iy,42740
bc1qucgrf0t8m6tsxn8yuxpv3dyz27m4rhvufr2njr,108303
bc1qm4ucc6jlm53vd9xkrnetydy5plswzpm3pfwgyg,7259576
196pZq2Le236UbrxTzwMDYB4pJTjf8Fvw5,1534695
1GjhymDpGxuwvUbeAVug8dgHS9hXwmk3U,152101898
1pvUo4ovUdyK7TjEv9UQYYyTvB85aUMSR,4121365
bc1pan9dmmn0fmt63ewgca5m8ffju94ucn85fvlk4n5u5m8kjjrmpn5saejqnv,10000
bc1q3gg97yf0cu3e9c0c82ywhuxwckz7k2vjev05na,147399
bc1qa2gxht6lyeh778zjh5kypc9qcluqcx4xpqs24u,377231
bc1q68wjqzxk0h7vha5ruzx22x32n9adzm67tfz3hp,17047
bc1qlmz2lt50w6ud0ze9jvx5g2ax64akcnc0wngvag,152801
bc1q0gths66700wp94s0dy8aexmmnwqrn673qvzes6,53805024
33og986eWyEVtbWkzmnr5LgC1YVtRWAHAp,640535
bc1qdd830ywq8hqm48aupyu7hxr652mu9urup8u8h5,1778807
33yPGDaHUHP9DC6rnZ14QQ7Um6WVvk73BP,170996
bc1qzunk2lu55p2s85u0acrd5a944kzx6tq4r7uzmq,2713792
bc1q4juwcuagqh25m6sr8qfv98fh4kv6ulu2ucen39,75000
1HjyfGVZfJt1gEdHhNaeySERD5Mvd2yuDU,767000
39d2ZJawPbFrX14ucGHCfBCyhNftWrhnQs,4879075
1KtBGWx4AtcP9nBwhPJQnEMQ22PRaLsM9h,51436584
3LWDyCz4s6dmPsdd6D1LvzUpKX7iacJezV,42725
bc1qm4jkmpjnkg5hm5pdkjwncpsh3uktdgtnrtwex7,2056597
3NNPJ5WPCm7TVHfhMEL2s65m7vgk5PZ4Pq,343010
3BsaXg88fG5sjetSKtdwWKF2aJ1GBbcCM7,14384
383FnvyfdftMrbgC1G3TKwjWtQaJ4VP3g2,23397
3AFiAughXzdPSp9kMMaECDpEa3qr8LoLqV,407513
3PSEYmkvANY8Bhvaspsngd7pByfLxqY3LS,477695
bc1q2a8rl28y5sg6uzdfv5pggk2mzsv42nex3jqxwl,1186353
bc1qdkt7ywmmgvt4hkchnme7pzxjylsk3sycax2vtd,254120
bc1qrvn9hxsjk3wefns7ufct9cypw427scx5rcuass,171853
1Jw4D1upEGwVUxH85CnR57ERhaP7KJG8G,20495
bc1qdr7zq070zz4yxfaj85gajx0cm7u8hlfuxd2lml,238268
3HZSure3TZmMR8iqw55VQCsHS4yCnfJLQi,430910
33riCF2RhdjGQLtEAovABkJgaqeHuGWfT9,503890
bc1qr8ex86wfd9f366e2ddh4mqf3gq58qhhv9psyuy,169858
3Hgwx8QAXJe2Wb9kqcYV8Ld9azrgzUD3LR,213401
1LBjgUtAb3zWMgQhE9ZSF3kCeoJ8Hsxtiz,217719
bc1q2h4yw5enhd834q52k6j2g4cvsgp8lu9yemn2ve,187528
3DY7hZuKp7BqCbZAouUTdPFk5Wk4Ce4UQ1,1474175
18kXmWxbbxQdY1rQjcVTp6JGAUwWFFvrb6,213403
36FPeovwJNhu2QtowZnsn4EYWGdYTmJAgY,138330
bc1qffzvjzjjr8xh5k4q0nlz2java2cfh09kmedtft3nc34433ndtvzqje7hc0,166757
bc1qz30y69cfl36fzjp9tpl900d0kz2u2gf2vnc5ee,72105
3C27FfkuYJ7Aysk7p5s37cFxYQGkPxybKH,4697283
bc1quylag5gg00j8seyuhv5n0dd5eeua8dlrwstqnm,910780
bc1qsfk97eya48zml6s2ag8d9evpsnpua04jgd7gvkkhhatne5hxdmas82u27z,111020
bc1qq6cpp5ddzypw23vxar57xmxc8dapa7jw8nd6a8,28929
bc1qp2jg8nl3hlg5xtq2w4eth80l5zy6saurs3e846,1361651
bc1qt0grqam93vyg37l03ch4j2838vqxekv29knxxw,200510
32sYZ7YeDfUQ66NzKgBcTNQ4UvwFt8npeE,196781
bc1qavecfnqk52uq0etzgfqrw2v6zednkgvv2fhk0h,220487
bc1qccj4gdmkgz6z7u2m96797d584rdj6gkftuqfkq,18420
3GvfdgZfF7bVWxQ8Bdh2vrDcnwourrpHSZ,49332
bc1qerj37msyetx6rmgtap9szu8xvvztkp3uu4vwvn,111022
3Fhy4hYJ8z8EcMT3aGemReoTh8qpt6iDAB,217822
1Gm3Hkd6jiHmib4WNZV569RDMr5c8eEbLb,1451152
14yTa1avn1zVjZyMDfvaUuAsHpGVAXEGbm,892952
371U66s2SozJzfkjotkG9Dm1jpzwEjH9e3,850374
bc1qhr9lugdla3kd8s64favva7xav30uskrsdmwqxu,313138
1CK8XTMeYzVjcufTPjpMReHkaRgxxnNDPM,416250
bc1qnw0eqat0s0nxl97y60tnlzdrm4xjcmjm0q8tn0,12963966
bc1q053y9shpcfjy4xyvg3665ludh9g9mjexjaldszr0trvgcvgftqlsg99d9e,6138000
bc1qvuvjhrrt2s3aknw9vmj9z4wq22njyvln6j06st,9659429
3K4BmGtRLXa7UrVpnzfD1TnJKsazE81uyW,85500
bc1qg69h9tmxtt5na4w49hrh0ujjf5rm89qe9djqpt,341049
3AfKJSqJ31CANK32DwH5PmkDsYSpmRR3kt,136850
bc1qf3a4nw84kdcs55zj6tjjn8vryufgemxdujz7yh,814489
bc1qckkl73j59uctyj38uwftax9dgkuys9gscu4d6wcqllga7rat6qwqadmhmy,5908
bc1qa9ys56pmffhlktke6u4jqy5u466dq7r5u9f2hz,64024
1JSmXunztVUdEUPRCbxHSrQfT9v5RodeWb,1960217
bc1qushqa4nwpz2j0yftnpw08c5lj2u92mnah79q2k,22222
